,RPI,Team,Record,SOS,NC Rec,NC RPI,NC SOS,H,R,N,Q1,Q2,Q3,Q4,RPI Delta
0,1,Tennessee  SEC (22-8),49-11,24,24-2,17,176,35-3,9-6,5-2,20-9,8-1,2-0,19-1,+4
1,2,Texas A&M  SEC (19-11),44-13,13,25-0,1,116,32-3,9-8,3-2,17-13,5-0,4-0,18-0,-1
2,3,Kentucky  SEC (22-8),40-14,6,17-4,23,81,21-6,16-5,3-3,22-9,6-2,5-2,7-1,
3,4,North Carolina  ACC (22-8),42-13,15,19-4,16,39,32-2,9-8,1-3,8-9,6-3,16-1,12-0,
4,5,Arkansas  SEC (20-10),43-14,11,23-2,3,41,33-3,7-8,3-3,13-12,8-2,6-0,16-0,-3
5,6,Georgia  SEC (17-13),39-15,9,22-1,4,103,29-5,8-9,2-1,13-10,9-3,2-0,15-2,
6,7,Clemson  ACC (20-10),41-14,17,20-3,6,24,27-6,10-7,4-1,10-8,12-2,13-4,6-0,
7,8,Florida State  ACC (17-12),42-15,26,22-2,7,74,27-4,8-10,7-1,8-8,8-5,12-1,14-1,
8,9,Wake Forest  ACC (15-15),38-20,8,21-4,10,58,25-7,10-11,3-2,8-14,10-4,7-2,13-0,+2
9,10,Indiana State  Missouri Valley (22-5),42-13,75,17-6,5,19,16-2,17-9,9-2,3-6,7-2,19-4,13-1,-1
10,11,Oklahoma State  Big 12 (19-9),40-17,28,17-7,43,118,21-5,12-10,7-2,11-12,9-3,8-0,12-2,+6
11,12,Virginia  ACC (18-12),41-15,27,22-2,9,102,26-7,11-5,4-3,8-8,10-5,11-1,12-1,
12,13,UC Santa Barbara  Big West (26-4),42-12,99,16-8,39,125,25-0,16-12,1-0,3-3,8-4,8-4,23-1,-3
13,14,Oklahoma  Big 12 (23-7),37-19,10,11-11,73,6,18-10,14-5,5-4,10-6,13-7,6-4,8-2,+1
14,15,North Carolina State  ACC (18-11),33-20,3,14-8,58,35,25-7,7-12,1-1,12-15,4-2,8-3,9-0,-1
15,16,Duke  ACC (16-14),39-18,21,19-4,46,214,22-10,11-8,6-0,13-12,7-3,6-0,13-3,+4
16,17,Dallas Baptist  Conference USA (17-7),44-13,79,23-6,20,61,25-5,13-7,6-1,9-2,5-9,10-1,20-1,+4
17,18,Oregon State  Pac-12 (19-10),42-14,78,22-3,8,77,24-2,9-10,9-2,4-3,4-6,18-4,16-1,-5
18,19,San Diego  West Coast (20-4),40-13,90,17-9,15,8,18-4,18-9,4-0,3-7,7-4,6-0,24-2,+4
19,20,Vanderbilt  SEC (13-17),38-21,12,22-3,32,174,27-8,4-12,7-1,10-17,6-1,5-0,17-3,+7
20,RPI,Team,Record,SOS,NC Rec,NC RPI,NC SOS,H,R,N,Q1,Q2,Q3,Q4,RPI Delta
21,21,LSU  SEC (13-17),40-20,18,23-3,26,142,27-9,6-11,7-0,10-13,12-5,4-0,14-2,+9
22,22,South Carolina  SEC (13-17),36-23,5,20-4,29,140,22-10,9-10,5-3,15-20,3-1,4-1,14-1,-3
23,23,East Carolina  American Athletic (19-8),43-15,70,21-5,2,9,26-4,13-9,4-2,5-2,6-7,12-3,20-3,-7
24,24,Alabama  SEC (13-17),33-22,7,20-4,34,159,22-8,8-12,3-2,15-20,2-0,3-1,13-1,-6
25,25,Mississippi State  SEC (17-13),38-21,14,19-6,52,131,25-9,8-9,5-3,16-14,4-1,7-1,11-5,-3
26,26,Southern Miss  Sun Belt (20-10),41-18,46,17-8,33,20,25-6,12-9,4-3,8-8,11-4,8-2,14-4,+8
27,27,UC Irvine  Big West (22-8),43-12,110,21-4,18,123,20-7,20-5,3-0,4-1,6-2,15-6,18-3,-2
28,28,Nebraska  Big Ten (16-8),39-20,38,18-11,31,12,18-8,15-9,6-3,3-1,15-12,15-5,6-2,+3
29,29,Louisiana Tech  Conference USA (18-6),45-17,82,23-9,36,55,26-5,12-10,7-2,3-6,9-4,15-6,18-1,-3
30,30,Florida  SEC (13-17),28-27,1,15-9,44,21,19-13,9-12,0-2,13-18,2-6,1-1,12-2,-6
31,31,Arizona  Pac-12 (20-10),36-21,31,13-10,28,1,19-7,13-11,4-3,3-9,15-5,7-6,11-1,-3
32,32,UCF  Big 12 (14-15),35-19,41,19-3,25,149,21-9,12-9,2-1,4-8,9-5,12-4,10-2,+10
33,33,Ole Miss  SEC (11-19),27-29,2,16-9,42,28,19-12,7-15,1-2,12-22,2-2,1-2,12-3,-1
34,34,UNCW  Coastal Athletic (20-7),39-19,56,16-12,75,51,22-9,13-10,4-0,5-5,7-5,11-4,16-5,+14
35,35,Northeastern  Coastal Athletic (18-9),38-17,108,20-6,13,64,17-3,19-12,2-2,4-4,8-5,9-7,17-1,-6
36,36,Coastal Carolina  Sun Belt (16-14),34-23,22,17-7,11,3,24-9,9-12,1-2,4-9,7-7,16-6,7-1,-1
37,37,West Virginia  Big 12 (19-11),33-22,43,14-9,60,134,17-6,14-14,2-2,5-8,13-8,6-5,9-1,-4
38,38,Louisiana  Sun Belt (23-7),40-18,64,17-9,76,83,26-8,14-5,0-5,6-6,6-4,12-4,16-4,-2
39,39,TCU  Big 12 (14-16),33-21,32,17-3,14,88,21-8,7-11,5-2,5-8,8-9,6-3,14-1,+1
40,40,Xavier  Big East (12-9),30-27,19,17-16,30,2,13-9,16-15,1-3,7-12,2-3,15-9,6-3,-2
41,RPI,Team,Record,SOS,NC Rec,NC RPI,NC SOS,H,R,N,Q1,Q2,Q3,Q4,RPI Delta
42,41,Connecticut  Big East (17-4),32-23,47,15-17,61,26,16-5,15-15,1-3,5-8,5-9,13-6,9-0,-4
43,42,Maryland  Big Ten (10-14),34-22,63,24-8,12,52,14-7,19-14,1-1,7-5,8-6,9-10,10-1,+7
44,43,Charleston  Coastal Athletic (21-5),41-14,112,18-7,87,179,24-9,15-3,2-2,3-4,6-6,11-0,21-4,+7
45,44,James Madison  Sun Belt (17-13),34-23,42,15-8,22,5,23-6,9-15,2-2,7-8,4-9,8-1,15-5,
46,45,Kansas State  Big 12 (15-15),32-24,30,16-7,38,79,20-7,9-14,3-3,7-15,6-5,7-2,12-2,-4
47,46,Texas  Big 12 (20-10),35-22,29,15-10,89,30,24-12,11-5,0-5,12-9,5-4,5-1,13-8,-7
48,47,Illinois  Big Ten (18-6),34-19,74,15-11,84,99,20-3,8-10,6-6,4-10,5-2,9-4,16-3,-4
49,48,Georgia Tech  ACC (15-15),31-23,23,16-6,80,202,22-9,9-11,0-3,10-14,4-3,6-5,11-1,-2
50,49,Auburn  SEC (8-22),27-26,4,19-4,21,50,18-13,5-12,4-1,6-20,8-4,4-0,9-2,-4
51,50,Wofford  Southern (12-8),40-18,120,23-9,57,223,22-5,13-12,5-1,1-3,5-2,14-11,20-2,+7
52,51,Saint John's  Big East (14-7),37-16-1,123,20-9-1,82,201,21-6-1,12-10,4-0,5-4-0,5-4-0,9-4-0,18-4-1,+12
53,52,Oregon  Pac-12 (19-11),37-18,87,18-5,49,169,23-8,12-7,2-3,5-4,6-4,12-9,14-1,-5
54,53,East Tennessee State  Southern (13-8),36-20,94,21-10,70,157,24-5,10-13,2-2,1-4,8-11,4-3,23-2,-2
55,54,Georgia Southern  Sun Belt (17-13),33-26,35,13-12,69,18,18-12,12-12,3-2,2-9,11-14,9-3,11-0,+14
56,55,Indiana  Big Ten (15-9),32-24-1,39,15-13-1,103,67,17-11,11-8,4-5-1,6-10-0,6-4-0,12-6-1,8-4-0,+5
57,56,Troy  Sun Belt (18-12),37-22,88,18-8,81,219,19-9,17-10,1-3,6-6,8-8,7-5,16-3,-3
58,57,Portland  West Coast (19-5),37-19,137,16-12,68,109,17-5,18-11,2-3,3-6,3-6,12-7,19-0,+7
59,58,Texas Tech  Big 12 (12-17),33-26,40,19-7,35,86,22-7,6-15,5-4,3-15,7-7,4-2,19-2,
60,59,Georgetown  Big East (13-7),36-21,91,21-12,55,126,17-9,17-8,2-4,3-5,9-11,8-3,16-2,
61,60,Louisville  ACC (16-14),32-24,33,16-8,143,227,25-10,7-10,0-4,7-15,5-4,6-3,14-2,-8
62,RPI,Team,Record,SOS,NC Rec,NC RPI,NC SOS,H,R,N,Q1,Q2,Q3,Q4,RPI Delta
63,61,Nicholls  Southland (16-8),34-20,95,14-12,72,34,17-9,12-11,5-0,1-7,0-4,16-3,17-6,+17
64,62,Cincinnati  Big 12 (17-13),32-25,52,14-10,100,167,18-8,10-15,4-2,5-12,9-5,8-5,10-3,-7
65,63,California  Pac-12 (17-13),36-19,100,17-5,54,192,22-7,10-8,4-4,5-2,8-9,6-6,17-2,+2
66,64,UNCG  Southern (15-6),33-21,73,18-13,97,114,22-9,11-10,0-2,3-7,2-3,13-5,15-6,-10
67,65,Lamar  Southland (17-7),44-15,205,24-6,56,257,24-4,12-9,8-2,3-1,1-4,11-5,29-5,-9
68,66,Creighton  Big East (7-13),35-17,145,28-4,24,183,18-6,12-10,5-1,3-8,4-0,12-6,16-3,+1
69,67,Ohio State  Big Ten (12-12),29-26,49,16-12,45,37,13-8,11-15,5-3,6-6,8-10,5-6,10-4,-5
70,68,Virginia Tech  ACC (14-16),32-22,65,18-4,59,273,22-9,10-11,0-2,5-16,3-1,9-4,15-1,-7
71,69,South Alabama  Sun Belt (14-16),31-25,50,17-8,37,38,18-11,12-12,1-2,6-5,10-11,4-1,11-8,-3
72,70,Appalachian State  Sun Belt (16-13-1),33-21-1,109,15-6,53,222,15-7,15-11-1,3-3,2-6-0,9-6-0,13-8-1,9-1-0,+6
73,71,Old Dominion  Sun Belt (15-15),31-26,37,14-9,48,10,21-12,7-12,3-2,4-8,8-8,9-7,10-3,
74,72,Kansas  Big 12 (15-15),31-23,60,14-6,74,178,17-8,8-9,6-6,3-8,6-9,12-3,10-3,+1
75,73,Hawaii  Big West (20-10),33-16,115,13-6,113,170,23-10,10-6,0-0,1-5,2-5,11-2,19-4,-4
76,74,USC  Pac-12 (17-12),31-28,45,11-15,116,29,16-10,12-11,3-7,4-8,5-5,16-12,6-3,+8
77,75,VCU  Atlantic 10 (15-8),37-21,128,18-13,63,47,18-9,12-12,7-0,2-7,3-1,14-6,18-7,+12
78,76,Evansville  Missouri Valley (17-10),35-23,118,14-13,102,161,16-8,15-15,4-0,3-7,1-3,10-7,21-6,+18
79,77,Rutgers  Big Ten (6-18),28-25,66,22-7,19,98,13-9,15-16,0-0,0-5,9-12,13-8,6-0,-3
80,78,Sam Houston State  Conference USA (13-11),34-24,86,20-11,50,80,23-7,10-14,1-3,3-9,3-6,9-9,19-0,-8
81,79,Notre Dame  ACC (9-21),27-25,58,18-4,47,264,16-8,11-17,0-0,2-16,1-3,13-4,11-2,-2
82,80,Murray State  Missouri Valley (17-10),37-20,154,20-8,62,207,20-8,17-10,0-2,2-7,4-2,8-5,23-6,-8
83,RPI,Team,Record,SOS,NC Rec,NC RPI,NC SOS,H,R,N,Q1,Q2,Q3,Q4,RPI Delta
84,81,Miami (FL)  ACC (11-19),27-30,16,14-10,142,144,19-16,6-13,2-1,7-13,5-6,4-6,11-5,+9
85,82,Utah  Pac-12 (16-14),33-22,125,16-7,86,261,15-8,14-13,4-1,2-4,8-9,8-4,15-5,-2
86,83,Campbell  Coastal Athletic (12-15),31-22,84,19-7,27,40,22-10,8-12,1-0,7-9,1-3,6-4,17-6,+1
87,84,Kennesaw State  ASUN (19-10),32-24,131,10-13,51,13,13-6,16-17,3-1,4-7,2-4,6-5,20-8,+9
88,85,Michigan  Big Ten (14-10),32-28,57,16-16,106,57,19-8,9-12,4-8,2-12,9-5,9-7,12-4,
89,86,Tulane  American Athletic (15-12),35-24,98,16-12,96,60,19-13,12-11,4-0,4-3,3-5,12-8,16-8,+10
90,87,Arizona State  Pac-12 (17-13),32-26,61,15-11,99,69,21-12,11-9,0-5,2-8,1-2,21-12,8-4,-12
91,88,Samford  Southern (14-7),36-21,127,20-13,151,232,24-10,10-10,2-1,1-7,7-8,7-2,21-4,+3
92,89,Pittsburgh  ACC (10-20),26-29,34,16-7,83,218,12-12,8-13,6-4,5-15,6-9,5-3,10-2,-6
93,90,Purdue  Big Ten (13-11),32-24,83,19-11,78,106,15-13,9-7,8-4,0-4,6-9,12-8,14-3,-11
94,91,Boston College  ACC (8-22),22-31,20,14-9,66,84,7-18,12-12,3-1,8-12,7-10,3-8,4-1,-10
95,92,Cal State Northridge  Big West (16-14),30-24,103,14-10,77,135,15-10,15-14,0-0,2-10,2-6,5-1,21-7,+9
96,93,UIC  Missouri Valley (16-11),34-20,162,16-7,98,236,17-6,12-9,5-5,0-4,5-6,8-5,21-5,-1
97,94,South Carolina Upstate  Big South (16-8),36-24,126,18-14,67,32,22-9,12-12,2-3,1-9,2-2,8-6,25-7,-8
98,95,Wichita State  American Athletic (15-12),32-29,76,14-15,121,53,19-10,9-15,4-4,2-12,3-5,9-9,18-3,+10
99,96,Grand Canyon  Western Athletic (23-7),34-23,143,11-14,91,16,17-10,15-11,2-2,1-1,5-9,10-7,18-6,-7
100,97,Penn State  Big Ten (12-12),29-24,116,14-11,131,221,11-8,10-13,8-3,5-8,2-3,12-6,10-7,+14
101,98,Western Kentucky  Conference USA (15-9),36-22,161,19-11,145,263,22-9,12-11,2-2,2-7,4-4,13-5,17-6,-1
102,99,Saint Louis  Atlantic 10 (16-8),37-16,243,21-6,94,288,22-4,9-10,6-2,0-0,0-1,8-12,29-3,-11
103,100,Stetson  ASUN (20-10),40-20,198,17-9,105,188,26-9,11-10,3-1,1-4,4-2,7-5,28-9,+10
104,RPI,Team,Record,SOS,NC Rec,NC RPI,NC SOS,H,R,N,Q1,Q2,Q3,Q4,RPI Delta
105,101,Bowling Green  Mid-American (24-6),33-20,220,8-12,148,162,16-3,16-15,1-2,1-5,3-1,9-10,20-4,-3
106,102,Missouri  SEC (9-21),23-32,25,14-11,184,238,15-14,7-16,1-2,5-19,7-5,2-2,9-6,
107,103,Niagara  MAAC (20-4),38-15,288,15-11,133,292,12-3,23-12,3-0,1-1,1-2,8-4,28-8,+10
108,104,Iowa  Big Ten (14-10),29-23,122,15-11,153,245,18-4,7-12,4-7,3-8,3-5,8-7,15-3,-9
109,105,Michigan State  Big Ten (11-13),24-27,48,13-14,119,44,13-10,6-8,5-9,2-4,5-10,11-7,6-6,+1
110,106,Cal Poly  Big West (20-10),35-22,148,15-12,219,239,24-12,11-10,0-0,4-5,1-2,10-8,20-7,-6
111,107,Western Carolina  Southern (13-8),28-26,96,15-16,164,187,14-11,10-11,4-4,2-8,0-3,14-10,12-5,-4
112,108,Saint Mary's College  West Coast (16-8),34-22,183,17-12,101,153,21-7,12-13,1-2,3-7,1-1,8-7,22-7,-9
113,109,Mercer  Southern (6-14),29-29,81,20-13,90,108,17-13,9-14,3-2,3-5,6-13,7-3,13-8,+5
114,110,Georgia State  Sun Belt (13-17),25-32,51,12-14,112,56,13-15,12-15,0-2,2-12,11-4,5-10,7-6,-6
115,111,Texas State  Sun Belt (13-17),27-29,67,14-12,108,100,15-14,9-12,3-3,4-7,1-7,13-14,9-1,-2
116,112,Houston  Big 12 (7-21),26-28,53,19-7,40,65,20-12,4-14,2-2,1-10,4-12,7-4,14-2,-4
117,113,McNeese  Southland (11-13),30-27,105,16-12,95,97,20-10,7-15,3-2,0-8,3-9,5-2,22-8,+4
118,114,Air Force  Mountain West (18-12),27-28,111,8-14,79,4,14-6,9-17,4-5,3-10,0-2,7-9,17-7,-2
119,115,Bryant  America East (17-7),36-19,264,16-12,118,229,19-4,14-15,3-0,0-6,1-2,5-6,30-5,+16
120,116,Liberty  Conference USA (11-13),24-34,36,11-19,155,25,16-14,6-18,2-2,2-16,2-10,9-3,11-5,+12
121,117,Ball State  Mid-American (18-12),35-23-1,221,14-9-1,64,158,13-6,15-13,7-4-1,0-4-0,1-2-1,17-10-0,17-7-0,+2
122,118,Minnesota  Big Ten (11-13),24-23,142,13-10,136,271,9-7,12-12,3-4,0-4,6-9,6-8,12-2,-2
123,119,William & Mary  Coastal Athletic (13-14),32-26,140,17-10,110,189,19-12,11-12,2-2,2-6,3-5,8-8,19-7,+1
124,120,UTSA  American Athletic (17-10),32-24,159,15-12,160,208,19-11,12-9,1-4,2-2,4-3,11-11,15-8,-13
125,RPI,Team,Record,SOS,NC Rec,NC RPI,NC SOS,H,R,N,Q1,Q2,Q3,Q4,RPI Delta
126,121,Delaware  Coastal Athletic (16-11),31-26,151,13-13,211,242,11-15,17-9,3-2,0-2,5-6,13-9,13-9,+9
127,122,High Point  Big South (17-7),34-25,163,14-18,195,124,20-14,11-11,3-0,1-5,2-3,11-7,20-10,+18
128,123,New Orleans  Southland (14-10),28-26,113,13-14,139,70,18-12,9-11,1-3,0-6,4-2,10-11,14-7,-5
129,124,FIU  Conference USA (11-13),27-30,72,15-15,147,94,16-17,9-9,2-4,0-4,7-7,9-15,11-4,+5
130,125,Army  Patriot League (16-8),31-21,191,11-12,217,247,14-9,11-7,6-5,0-1,3-3,7-6,21-11,+9
131,126,Columbia  Ivy League (17-4),26-18,215,9-12,124,85,15-4,11-10,0-4,1-8,0-0,4-4,21-6,-3
132,127,FGCU  ASUN (20-10),30-26,155,9-14,138,31,18-9,11-14,1-3,0-6,5-5,4-6,21-9,
133,128,Western Michigan  Mid-American (19-11),31-21,225,9-10,134,182,11-5,15-7,5-9,0-1,3-4,6-6,22-10,+22
134,129,California Baptist  Western Athletic (18-12),38-24,208,16-10,104,152,21-11,13-10,4-3,1-2,3-5,9-8,25-9,+9
135,130,Dayton  Atlantic 10 (14-9),33-22,231,18-11,130,277,17-7,15-13,1-2,1-3,2-4,8-6,22-9,-6
136,131,BYU  Big 12 (7-23),21-31,62,14-8,65,163,9-14,11-15,1-2,5-13,3-4,5-9,8-5,-6
137,132,Southeast Missouri  Ohio Valley (18-9),34-25,192,13-15,154,121,16-12,15-12,3-1,0-3,2-1,6-8,26-13,+11
138,133,UC Davis  Big West (13-17),29-27,158,16-10,114,251,15-11,14-16,0-0,1-5,2-5,8-10,18-7,-18
139,134,Rider  MAAC (18-6),28-23,233,9-15,93,43,12-2,15-18,1-3,1-10,0-4,3-2,24-7,-12
140,135,Illinois State  Missouri Valley (16-11),30-27,185,12-14,209,283,12-7,15-16,3-4,2-6,3-9,5-5,20-7,-2
141,136,Missouri State  Missouri Valley (11-16),23-34,89,12-16,92,48,8-11,15-21,0-2,2-11,1-5,8-9,12-9,-15
142,137,UC San Diego  Big West (17-13),30-23,173,13-10,245,289,22-10,8-13,0-0,0-6,4-5,3-8,23-4,
143,138,New Mexico State  Conference USA (10-14),25-29,102,15-13,122,180,15-11,10-16,0-2,2-9,3-8,8-5,12-7,-6
144,139,Baylor  Big 12 (10-20),22-31,44,12-11,144,76,17-16,5-12,0-3,1-11,1-10,11-7,9-3,-4
145,140,Wright State  Horizon League (20-10),32-24,240,11-12,85,104,14-6,17-15,1-3,2-6,1-2,7-5,22-11,-14
146,RPI,Team,Record,SOS,NC Rec,NC RPI,NC SOS,H,R,N,Q1,Q2,Q3,Q4,RPI Delta
147,141,Saint Joseph's  Atlantic 10 (13-11),29-26,181,13-13,150,195,17-7,9-17,3-2,0-3,0-2,12-14,17-7,+11
148,142,Charlotte  American Athletic (12-15),24-34,54,11-17,135,11,18-14,5-16,1-4,1-5,7-13,5-11,11-5,-3
149,143,Sacred Heart  Northeast (25-8),35-23,267,8-13,156,147,18-4,15-17,2-2,0-1,1-5,3-5,31-12,+5
150,144,Little Rock  Ohio Valley (19-8),32-24,223,13-14,162,172,17-9,15-13,0-2,0-3,0-3,5-3,27-15,-8
151,145,Southeastern Louisiana  Southland (10-14),28-28,133,16-12,115,146,16-13,9-12,3-3,1-4,2-10,12-7,13-7,+8
152,146,Northwestern  Big Ten (4-20),18-34,59,14-14,71,87,8-11,10-23,0-0,1-8,6-19,5-4,6-3,-1
153,147,South Florida  American Athletic (11-16),26-29,101,15-13,107,92,18-15,8-14,0-0,2-7,2-6,7-6,15-10,-3
154,148,VMI  Southern (7-14),25-29,139,18-14,137,243,14-8,10-19,1-2,0-7,6-8,5-7,14-7,-7
155,149,Northern Kentucky  Horizon League (19-11),33-22,269,11-11,128,211,16-5,14-17,3-0,0-6,2-2,4-3,27-11,+12
156,150,Hofstra  Coastal Athletic (13-14),24-33,114,10-17,158,129,13-8,10-23,1-2,2-9,3-4,7-12,12-8,+6
157,151,Tarleton State  Western Athletic (17-13),32-29,199,10-15,202,191,14-10,13-18,5-1,0-2,1-6,12-9,19-12,+35
158,152,Rhode Island  Atlantic 10 (11-13),19-28,104,8-15,141,62,10-8,9-20,0-0,0-4,2-8,7-8,10-8,-10
159,153,Abilene Christian  Western Athletic (18-12),33-25,211,14-11,126,160,19-11,13-11,1-3,0-4,3-2,6-8,24-11,-4
160,154,Austin Peay  ASUN (20-10),35-21,270,15-9,165,293,20-7,15-12,0-2,3-3,3-4,9-8,20-6,-8
161,155,Stanford  Pac-12 (11-19),22-33,69,9-13,241,190,13-16,7-16,2-1,2-8,1-5,13-16,6-4,+14
162,156,Southern Illinois  Missouri Valley (12-15),33-27,203,19-10,185,297,20-10,11-15,2-2,2-3,1-5,9-15,21-4,+8
163,157,Holy Cross  Patriot League (14-11),26-27,228,11-14,200,280,11-3,14-24,1-0,1-2,2-5,6-9,17-11,-3
164,158,Santa Clara  West Coast (12-12),26-26,174,14-13,111,133,17-8,9-16,0-2,0-3,1-5,4-11,21-7,-11
165,159,Stony Brook  Coastal Athletic (12-15),24-28,147,12-13,159,199,14-8,8-16,2-4,1-5,4-8,4-9,15-6,-2
166,160,Washington  Pac-12 (10-20),19-31-1,80,9-9-1,132,166,12-10,6-18-1,1-3,2-6-0,5-13-0,3-5-1,9-7-0,-9
167,RPI,Team,Record,SOS,NC Rec,NC RPI,NC SOS,H,R,N,Q1,Q2,Q3,Q4,RPI Delta
168,161,Fairfield  MAAC (20-4),34-24,257,12-18,193,151,20-8,12-14,2-2,1-3,2-4,4-7,27-10,-1
169,162,San Jose State  Mountain West (16-14),24-32,141,6-17,232,91,12-9,10-22,2-1,0-4,3-5,8-11,13-12,+8
170,163,FAU  American Athletic (12-15),28-29,152,14-12,186,220,19-12,7-15,2-2,2-6,1-5,10-11,15-7,+10
171,164,Rice  American Athletic (11-16),23-36,77,11-18,167,46,14-18,8-16,1-2,2-8,2-9,6-8,13-11,+4
172,165,George Washington  Atlantic 10 (13-11),31-26,206,17-13,196,260,21-10,9-14,1-2,0-3,2-4,7-12,22-7,-7
173,166,Kent State  Mid-American (17-13),26-26,204,9-11,88,68,13-7,13-17,0-2,1-7,1-2,7-6,17-11,-11
174,167,North Carolina A&T  Coastal Athletic (9-17),25-28,166,16-11,177,282,14-11,9-16,2-1,2-4,4-9,4-7,15-8,-4
175,168,Morehead State  Ohio Valley (17-10),37-24,279,16-12,214,300,19-7,14-15,4-2,0-5,0-1,9-6,28-12,+21
176,169,Belmont  Missouri Valley (12-15),26-32,135,13-15,170,154,14-15,11-13,1-4,2-10,3-0,5-11,16-11,-10
177,170,Gonzaga  West Coast (14-10),21-32,124,5-20,266,117,11-7,8-23,2-2,1-10,1-6,5-10,14-6,+20
178,171,Utah Valley  Western Athletic (18-12),25-29,186,6-15,183,82,10-10,14-17,1-2,0-0,4-7,10-16,11-6,-5
179,172,ULM  Sun Belt (11-19),25-30,117,14-11,236,266,17-18,8-12,0-0,1-6,4-11,5-7,15-6,-7
180,173,Navy  Patriot League (15-10),28-23,234,11-10,248,291,18-7,10-11,0-5,0-1,0-0,10-13,18-9,-2
181,174,UMBC  America East (14-10),27-25,227,11-13,204,212,19-4,6-19,2-2,0-2,1-6,3-11,23-6,+5
182,175,Elon  Coastal Athletic (10-17),21-32,68,11-15,187,63,17-18,4-14,0-0,1-10,2-4,3-8,15-10,-1
183,176,UMass  Atlantic 10 (13-11),24-29,197,11-16,218,253,11-4,12-18,1-7,1-4,1-2,9-16,13-7,-14
184,177,Princeton  Ivy League (12-9),18-26,157,5-15,117,7,7-8,10-16,1-2,1-5,2-5,3-5,12-11,+5
185,178,Seton Hall  Big East (7-14),24-30,156,17-16,178,231,9-17,13-12,2-1,1-2,7-8,8-8,8-12,-3
186,179,UCLA  Pac-12 (9-21),19-33,71,10-12,152,113,15-11,4-20,0-2,1-12,0-8,6-10,12-3,-3
187,180,Penn  Ivy League (11-10),24-23,248,9-12,149,150,10-6,10-16,4-1,1-2,1-2,4-10,18-9,+11
188,RPI,Team,Record,SOS,NC Rec,NC RPI,NC SOS,H,R,N,Q1,Q2,Q3,Q4,RPI Delta
189,181,Miami (OH)  Mid-American (17-13),27-27,193,9-12,123,59,14-13,11-12,2-2,0-6,1-0,10-10,16-11,-9
190,182,Bucknell  Patriot League (12-13),22-24,200,9-9,168,235,12-6,6-16,4-2,0-1,0-3,3-12,19-8,+3
191,183,UAB  American Athletic (13-14),26-29,178,13-13,240,259,16-12,10-15,0-2,1-5,1-3,11-15,13-6,-16
192,184,Monmouth  Coastal Athletic (11-16),18-30,144,7-14,227,213,8-5,9-22,1-3,0-6,0-4,10-17,8-3,+4
193,185,Fresno State  Mountain West (16-14),32-27,255,13-12,213,275,16-11,13-15,3-1,0-0,2-5,13-11,17-11,+16
194,186,Northwestern State  Southland (11-13),20-33,93,9-18,225,73,12-13,6-16,2-4,0-5,6-7,4-9,10-12,-8
195,187,Long Beach State  Big West (10-20),25-29-1,171,15-9-1,157,278,18-11-1,7-18,0-0,0-3-0,3-12-0,4-7-0,18-7-1,+13
196,188,Nevada  Mountain West (16-14),25-26,239,9-12,224,272,12-8,13-18,0-0,1-1,2-4,5-12,17-9,-5
197,189,UTA  Western Athletic (16-14),22-34,136,6-19,171,14,11-13,11-20,0-1,0-6,5-7,8-13,9-8,-9
198,190,Marshall  Sun Belt (9-21),18-37,55,9-16,207,78,14-12,3-21,1-4,1-19,2-6,2-4,13-8,-3
199,191,Presbyterian College  Big South (18-6),29-27,210,11-19,278,224,20-11,8-12,1-4,0-6,0-1,10-9,19-11,-10
200,192,Charleston Southern  Big South (12-12),22-32,119,9-18,197,33,12-18,9-12,1-2,2-1,2-8,6-13,12-10,+4
201,193,Washington State  Pac-12 (9-21),21-32,129,12-11,208,269,11-14,8-17,2-1,2-10,2-0,8-16,9-6,
202,194,Fordham  Atlantic 10 (10-14),19-33,107,9-19,216,89,11-11,7-19,1-3,0-6,1-4,10-14,8-9,+5
203,195,Incarnate Word  Southland (10-14),26-31,176,15-15,215,254,17-10,7-18,2-3,0-2,4-6,6-13,16-10,+3
204,196,Long Island  Northeast (24-9),33-23,292,5-13,285,294,20-4,9-18,4-1,0-2,1-2,5-9,27-10,+30
205,197,Toledo  Mid-American (16-14),27-32,229,9-16,201,206,11-8,14-22,2-2,0-0,2-9,5-12,20-11,+10
206,198,Butler  Big East (5-16),20-35,121,15-19,181,196,5-18,13-14,2-3,2-6,1-10,6-9,11-10,-3
207,199,Oakland  Horizon League (18-12),29-27,277,11-13,176,252,12-5,17-20,0-2,0-0,2-5,3-10,24-12,-22
208,200,Jacksonville State  Conference USA (5-19),18-34,85,13-15,146,110,11-17,7-17,0-0,2-6,3-8,1-9,12-11,-8
209,RPI,Team,Record,SOS,NC Rec,NC RPI,NC SOS,H,R,N,Q1,Q2,Q3,Q4,RPI Delta
210,201,New Mexico  Mountain West (17-13),27-26,222,10-11,226,205,17-10,8-12,2-4,1-2,2-2,5-13,19-9,-17
211,202,Memphis  American Athletic (10-17),23-32,149,13-15,231,204,13-17,10-15,0-0,0-6,3-1,9-14,11-11,-5
212,203,UTRGV  Western Athletic (15-15),29-25,251,12-8,161,228,17-12,10-11,2-2,1-1,0-1,8-9,20-14,
213,204,Saint Thomas  The Summit League (16-10),21-24,263,5-14,175,72,5-4,14-16,2-4,0-0,0-7,6-9,15-8,+2
214,205,Merrimack  Northeast (22-11),33-26,285,8-13,246,226,15-7,15-14,3-5,0-1,1-5,3-6,29-14,+10
215,206,UMass-Lowell  America East (11-12),24-31,224,12-17,125,137,8-9,15-20,1-2,0-3,3-10,6-5,15-13,-4
216,207,Central Arkansas  ASUN (12-18),26-30,196,11-11,129,112,13-14,9-14,4-2,1-3,0-6,4-6,21-15,+13
217,208,Florida A&M  SWAC (22-8),29-27,247,5-17,261,66,13-13,11-10,5-4,0-6,0-2,3-5,26-14,
218,209,Jacksonville  ASUN (18-12),27-31,190,7-17,252,75,17-13,8-16,2-2,1-5,0-1,9-14,17-11,-5
219,210,Northern Illinois  Mid-American (14-16),21-33,202,7-17,188,115,7-7,13-25,1-1,0-5,1-6,5-10,15-12,-5
220,211,Villanova  Big East (8-13),18-33,172,10-20,262,281,5-9,13-23,0-1,3-10,0-0,8-18,7-5,-1
221,212,Cornell  Ivy League (11-10),17-21,236,4-9,120,71,7-5,8-14,2-2,1-7,0-0,4-5,12-9,-18
222,213,Longwood  Big South (10-14),23-29,216,13-15,173,215,13-9,10-20,0-0,0-6,2-5,7-9,14-9,+3
223,214,Richmond  Atlantic 10 (13-11),27-32,180,11-19,279,217,17-17,7-13,3-2,0-2,0-3,10-12,17-15,+19
224,215,Wagner  Northeast (21-12),26-30,244,4-16,242,36,14-8,11-20,1-2,0-10,0-1,1-6,25-13,-3
225,216,Arkansas State  Sun Belt (7-22-1),21-32-1,153,14-10,210,295,15-12-1,6-20,0-0,2-6-0,2-8-0,3-15-1,14-3-0,-5
226,217,Southern Indiana  Ohio Valley (14-13),27-32,218,11-17,198,171,16-10,9-18,2-4,1-3,1-7,4-11,21-11,+1
227,218,Sacramento State  Western Athletic (14-16),26-31,201,12-14,169,127,13-18,12-12,1-1,2-3,3-3,5-6,16-19,-5
228,219,Loyola-Marymount  West Coast (9-15),24-30,188,15-15,174,194,17-11,6-18,1-1,1-5,1-4,8-10,14-11,-5
229,220,Texas A&M-Corpus Christi  Southland (10-14),21-35,138,11-19,250,181,9-19,10-13,2-3,1-3,1-4,10-13,9-15,-11
230,RPI,Team,Record,SOS,NC Rec,NC RPI,NC SOS,H,R,N,Q1,Q2,Q3,Q4,RPI Delta
231,221,Gardner-Webb  Big South (9-15),22-31,160,13-16,163,96,15-16,7-15,0-0,0-6,3-5,5-6,14-14,-4
232,222,Lehigh  Patriot League (9-16),23-23-1,273,14-7-1,166,303,9-8,12-14-1,2-1,0-0-0,0-0-0,7-12-0,16-11-1,+2
233,223,Saint Bonaventure  Atlantic 10 (8-16),18-31,194,10-15,190,246,8-7,10-24,0-0,1-3,1-2,6-18,10-8,-1
234,224,Bethune-Cookman  SWAC (19-10),32-27,272,10-15,269,250,20-11,9-14,3-2,0-2,1-2,5-7,26-16,+10
235,225,UNC Asheville  Big South (10-14),22-28,177,12-14,199,132,19-11,3-17,0-0,0-5,0-7,3-6,19-10,-2
236,226,Middle Tennessee  Conference USA (8-16),20-36,132,12-18,257,241,11-18,9-16,0-2,2-8,0-4,5-7,13-17,-7
237,227,NJIT  America East (12-11),26-28,278,12-15,244,296,13-5,11-21,2-2,0-0,0-4,6-8,20-16,+2
238,228,Lipscomb  ASUN (15-15),22-34,184,6-17,228,42,12-14,9-18,1-2,1-9,1-8,4-2,16-15,-7
239,229,Davidson  Atlantic 10 (10-14),24-28,219,14-14,256,286,18-12,5-16,1-0,0-2,0-6,5-8,19-12,+2
240,230,UNLV  Mountain West (12-18),26-26,268,14-8,194,298,16-11,10-14,0-1,0-0,0-3,6-12,20-11,-3
241,231,The Citadel  Southern (3-18),21-32,150,18-13,229,265,16-18,5-13,0-1,0-9,2-3,4-12,15-8,-6
242,232,Texas Southern  SWAC (18-6),21-25,286,2-17,273,49,8-2,10-20,3-3,0-4,0-7,0-8,20-7,+4
243,233,George Mason  Atlantic 10 (7-17),21-32,168,14-15,237,233,17-10,3-17,1-5,1-3,0-5,4-15,16-9,-5
244,234,Grambling State  SWAC (18-8),25-26,274,2-17,265,27,9-7,9-12,7-7,0-3,0-4,2-4,24-14,+28
245,235,San Diego State  Mountain West (10-20),17-37,106,7-17,172,17,13-14,4-23,0-0,0-4,1-9,4-15,12-9,-3
246,236,Houston Christian  Southland (9-15),18-31,182,9-16,271,256,10-9,6-19,2-3,1-2,1-6,4-19,12-4,-1
247,237,Cal State Fullerton  Big West (7-23),16-38,97,9-15,238,136,11-18,4-18,1-2,0-6,1-5,4-17,11-10,+3
248,238,Jackson State  SWAC (16-12),32-20,304,13-6,41,90,17-7,9-9,6-4,0-2,0-0,2-6,30-12,+13
249,239,North Dakota State  The Summit League (14-12-1),19-30-1,254,4-16,140,15,6-8-1,12-20,1-2,0-10-0,1-3-0,1-2-0,17-15-1,-9
250,240,Winthrop  Big South (8-15),19-29-1,179,11-14-1,223,148,15-13,4-15-1,0-1,0-5-1,1-1-0,5-17-0,13-6-0,+1
251,RPI,Team,Record,SOS,NC Rec,NC RPI,NC SOS,H,R,N,Q1,Q2,Q3,Q4,RPI Delta
252,241,Fairleigh Dickinson  Northeast (18-14),26-30,284,7-14,249,237,14-5,11-23,1-2,1-6,0-1,3-10,22-13,+3
253,242,Valparaiso  Missouri Valley (6-21),14-38,134,8-17,192,193,6-10,8-27,0-1,0-7,1-9,6-13,7-9,-4
254,243,Towson  Coastal Athletic (5-20),15-39,92,10-19,220,101,11-16,3-22,1-1,0-10,2-7,1-11,12-11,+3
255,244,Lafayette  Patriot League (8-16),14-35,130,6-19,234,95,9-10,5-25,0-0,0-10,0-2,4-13,10-10,+1
256,245,Binghamton  America East (10-14),21-29,259,11-14,212,248,12-8,8-20,1-1,0-3,2-7,5-7,14-12,-8
257,246,Tennessee Tech  Ohio Valley (13-14),29-26,280,16-11,235,287,22-13,7-12,0-1,0-2,0-2,3-5,26-17,-7
258,247,Purdue Fort Wayne  Horizon League (11-19),19-37,214,7-16,127,45,7-10,11-25,1-2,1-0,4-15,3-7,11-15,-5
259,248,Quinnipiac  MAAC (10-14),20-30,261,10-16,191,197,13-5,7-25,0-0,0-0,0-10,5-9,15-11,+1
260,249,Stonehill  Northeast (13-17),18-29,262,5-12,243,216,8-7,10-22,0-0,0-0,2-2,3-12,13-15,+4
261,250,Ohio  Mid-American (13-17),18-32,217,5-15,259,138,10-12,8-20,0-0,0-0,1-11,5-8,12-13,+2
262,251,Marist  MAAC (10-14),20-35,260,8-19,251,225,5-10,13-23,2-2,1-2,0-1,5-12,14-20,+10
263,252,Canisius  MAAC (11-13),18-30,265,7-15,189,173,7-7,11-21,0-2,0-1,2-6,5-8,11-15,-9
264,253,North Florida  ASUN (11-17-1),21-30-1,235,10-13,203,130,13-17,8-13-1,0-0,0-4-0,1-4-0,4-6-0,16-16-1,+2
265,254,Prairie View A&M  SWAC (18-9),26-25,301,8-14,180,145,12-5,8-18,6-2,0-2,0-6,2-7,24-10,-7
266,255,SIUE  Ohio Valley (12-15),20-34-1,237,7-18-1,267,203,11-11-1,8-22,1-1,1-3-0,3-3-0,1-11-0,15-17-1,+3
267,256,Radford  Big South (7-16),16-34,165,9-18,239,122,12-13,4-21,0-0,0-8,1-3,4-14,11-9,-2
268,257,Eastern Illinois  Ohio Valley (13-14),20-32,258,7-17,276,234,8-11,12-20,0-1,0-1,0-3,4-12,16-16,-7
269,258,Le Moyne  Northeast (15-17),22-27-1,294,7-10-1,206,279,10-5-1,12-22,0-0,0-0-0,2-2-0,4-11-0,16-14-1,-1
270,259,Bradley  Missouri Valley (6-21),12-37-1,167,6-16-1,270,255,1-12,7-24-1,4-1,0-4-0,1-7-0,4-17-0,7-9-1,-3
271,260,Eastern Kentucky  ASUN (14-16),21-37,209,7-19,255,105,13-17,8-18,0-2,0-8,0-1,7-11,14-17,-12
272,RPI,Team,Record,SOS,NC Rec,NC RPI,NC SOS,H,R,N,Q1,Q2,Q3,Q4,RPI Delta
273,261,Alabama State  SWAC (18-12),29-27,296,10-13,288,304,15-11,12-12,2-4,1-3,0-2,5-7,23-15,-2
274,262,UC Riverside  Big West (6-24),16-36,146,10-12,268,258,12-19,4-17,0-0,0-3,0-6,4-13,12-14,+9
275,263,South Dakota State  The Summit League (11-17),19-29,289,8-12,109,164,4-7,14-18,1-4,1-1,0-2,6-9,12-17,+1
276,264,Yale  Ivy League (11-10),18-23,287,7-13,275,285,10-8,8-15,0-0,0-0,0-3,7-7,11-13,+1
277,265,Delaware State  Northeast (20-13),22-27,276,2-12,287,128,12-13,10-12,0-2,0-0,0-0,4-9,18-18,-5
278,266,Oral Roberts  The Summit League (13-15-1),27-30-1,281,11-15,233,156,15-17,9-13-1,3-0,1-4-0,1-0-0,4-11-0,21-15-1,+8
279,267,Harvard  Ivy League (9-12),13-26,249,4-14,263,175,4-7,7-17,2-2,0-4,0-3,6-11,7-8,-4
280,268,Akron  Mid-American (10-20),15-39,195,5-19,253,107,3-14,9-22,3-3,1-4,1-11,2-7,11-17,-2
281,269,Manhattan  MAAC (10-14),22-30,297,12-16,182,268,6-8,16-22,0-0,0-6,0-0,5-9,17-15,-2
282,270,San Francisco  West Coast (4-20),21-34,238,17-14,221,270,14-18,7-16,0-0,0-6,1-6,3-5,17-17,
283,271,Pepperdine  West Coast (9-15),15-38,169,6-22,286,184,8-21,7-16,0-1,1-4,1-7,7-11,6-16,+2
284,272,Seattle University  Western Athletic (10-20),16-36,226,6-16,258,198,7-14,9-22,0-0,0-4,0-0,5-20,11-12,-4
285,273,Cal State Bakersfield  Big West (8-22),15-38,164,7-16,294,290,11-15,4-16,0-7,0-7,1-5,3-9,11-17,+5
286,274,Western Illinois  Ohio Valley (8-19),13-37,187,5-18,230,93,5-12,8-22,0-3,0-1,1-5,3-14,9-17,-5
287,275,Milwaukee  Horizon League (13-17),17-36,241,3-17,284,165,10-7,6-27,1-2,0-0,1-7,1-19,15-10,-3
288,276,North Alabama  ASUN (10-19-1),18-35-1,232,8-16,260,168,10-17-1,7-17,1-1,0-2-0,0-4-0,4-13-0,14-16-1,-1
289,277,Central Michigan  Mid-American (8-22),14-38,213,6-16,205,141,5-11,9-25,0-2,1-8,3-6,1-6,9-18,-1
290,278,Mount Saint Mary's  MAAC (13-11),22-34-1,283,7-21-1,295,299,9-13-1,11-19,2-2,0-7-0,0-4-0,0-5-0,22-18-1,+6
291,279,Central Connecticut  Northeast (17-15),18-24,290,1-9,289,185,10-11,8-13,0-0,0-2,0-2,2-4,16-16,-2
292,280,Tennessee-Martin  Ohio Valley (12-15),21-35,266,8-19,291,276,13-14,7-20,1-1,0-1,0-3,5-10,16-21,+1
293,RPI,Team,Record,SOS,NC Rec,NC RPI,NC SOS,H,R,N,Q1,Q2,Q3,Q4,RPI Delta
294,281,Queens  ASUN (10-20),14-41,175,4-21,272,54,8-17,6-23,0-1,0-3,0-6,5-13,9-19,-2
295,282,Northern Colorado  The Summit League (13-16-1),16-38-1,242,1-20,274,23,6-9-1,5-27,5-2,0-8-0,1-3-0,3-11-0,12-16-1,-2
296,283,Dartmouth  Ivy League (7-14),13-25,275,6-11,254,267,4-9,9-16,0-0,0-0,0-4,6-7,7-14,-1
297,284,Youngstown State  Horizon League (9-21),16-44,212,3-21,281,119,6-16,6-26,4-2,0-10,1-5,2-10,13-19,+6
298,285,Brown  Ivy League (6-15),11-28,246,5-13,247,155,4-11,7-17,0-0,0-0,1-4,2-5,8-19,+2
299,286,Utah Tech  Western Athletic (10-20),14-42,189,4-22,282,120,7-20,7-22,0-0,1-2,2-9,2-11,9-20,-1
300,287,Albany  America East (10-13),15-34-1,256,5-20-1,280,200,9-9,6-24-1,0-1,0-6-0,0-4-0,1-8-0,14-16-1,-4
301,288,Lindenwood  Ohio Valley (9-18),15-38,245,6-20,283,210,7-16,8-22,0-0,0-0,0-6,4-14,11-18,-2
302,289,Eastern Michigan  Mid-American (9-21),14-38,253,5-17,277,230,7-11,7-27,0-0,0-1,2-3,6-23,6-11,
303,290,Omaha  The Summit League (16-13-1),18-32-1,293,2-17,299,274,8-9,10-19-1,0-4,0-2-0,0-2-0,4-9-1,14-19-0,-2
304,291,Southern  SWAC (15-12),19-29,299,4-15,222,22,7-10,10-13,2-6,1-1,0-5,3-5,15-18,
305,292,Iona  MAAC (6-18),12-38,250,6-20,264,177,7-7,5-31,0-0,0-2,0-9,3-14,9-13,+1
306,293,Pacific  West Coast (5-19),11-44,170,6-25,290,186,9-18,2-25,0-1,0-6,0-10,0-9,11-19,-1
307,294,Maine  America East (8-15),10-37,230,2-22,296,209,5-10,4-23,1-4,0-1,1-3,2-20,7-13,
308,295,Bellarmine  ASUN (9-21),10-45,207,1-24,292,111,7-12,3-33,0-0,0-2,0-9,3-18,7-16,
309,296,Siena  MAAC (8-16),12-40,271,4-24,297,284,7-11,5-29,0-0,0-0,0-7,1-18,11-15,
310,297,Stephen F. Austin  Western Athletic (6-24),10-44,252,4-20,300,262,8-16,2-25,0-3,0-2,0-2,2-27,8-13,
311,298,Alabama A&M  SWAC (9-20),10-38,291,1-18,302,249,5-13,5-25,0-0,0-1,0-0,2-15,8-22,
312,299,Coppin State  Northeast (11-21),12-33,298,1-12,305,302,8-13,4-20,0-0,0-0,0-0,1-11,11-22,
313,300,Saint Peter's  MAAC (6-18),12-40,303,6-22,301,305,6-9,6-31,0-0,0-0,0-0,1-18,11-22,
314,RPI,Team,Record,SOS,NC Rec,NC RPI,NC SOS,H,R,N,Q1,Q2,Q3,Q4,RPI Delta
315,301,Norfolk State  Northeast (7-26),12-41,300,5-15,303,301,7-26,5-15,0-0,0-1,0-1,1-11,11-28,
316,302,Mississippi Valley State  SWAC (4-26),7-32,295,3-6,179,139,2-12,5-20,0-0,0-0,0-1,2-13,6-17,
317,303,Alcorn State  SWAC (5-25),6-42,302,1-17,293,143,3-12,3-27,0-3,0-1,0-3,0-16,6-22,
318,304,Maryland Eastern Shore  Northeast (0-30),0-48,282,0-18,304,240,0-14,0-34,0-0,0-0,0-0,0-16,0-32,
319,305,Arkansas-Pine Bluff  SWAC (6-20),9-34,305,3-14,298,244,6-19,3-14,0-1,0-1,0-0,0-7,8-27,
